Branch,Company,Contact person,street,Location,Country
Altes Land Hörgeräte,Hörgeräte Altes Land,Nina Bastein,Hinterstr. 14a,21723 Hollern-Twielenfleth,Deutschland
Aumann Hörgeräte e.K.,Hörgeräte Aumann e.K.,Verwaltung,Am Wehrhahn 2,40211 Düsseldorf,Deutschland
bachmaier Hörakustik,Hörakustik bachmaier,,Schloßplatz 5,83471 Berchtesgaden,Deutschland
Bänsch Sehen/Hören,Bänsch,Sehen/Hören,Hechingerstraße 11-13,72461 Albstadt-Tailfingen,Deutschland
Böhlefeld Hörgeräte  GmbH & Co. KG,Hörgeräte Böhlefeld GmbH & Co. KG,,Gaulstr. 4,51688 Wipperfürth,Deutschland
Bonsel Hörgeräte  GmbH,Hörgeräte Bonsel GmbH,,Götzenstraße 47-55,65760 Eschborn,Deutschland
Brillen Bott Bad Dürkheim,Brillen Bott Hörgeräte GmbH,,Mannheimer Str. 18,67098 Bad Dürkheim,Deutschland
Brillen Bott Mutterstadt,Brillen Bott Hörgeräte GmbH,,Neustadter Straße 4,67112 Mutterstadt,Deutschland
Brillen Bott Schifferstadt,Brillen Bott Hörgeräte GmbH,,Mannheimer Str. 18,67098 Bad Dürkheim,Deutschland
Brockschmidt Optik | Hörakustik,Brockschmidt Optik | Hörakustik,,Begastraße 21,32108 Bad Salzuflen,Deutschland
City Hörgeräte Loch GmbH,City Hörgeräte Loch GmbH,,Töngesgasse 6,60311 Frankfurt,Deutschland
Der Ohrladen GmbH & Co. KG,Der Ohrladen GmbH & Co. KG,,Carl-Theodor-Str. 15,68723 Schwetzingen,Deutschland
Dölle & Seggelmann Hörstudio,Dölle & Seggelmann Hörstudio,,Bramscher Str. 5-7,49593 Bersenbrück,Deutschland
Dölle Hörgeräte Bramsche,Hörgeräte Dölle,Augenoptik und Hörakustik,Große Str. 50,49565 Bramsche,Deutschland
Dölle Hörgeräte Mettingen,Hörgeräte Dölle,Augenoptik und Hörakustik,Clemensstrasse 5b,49497 Mettingen,Deutschland
Drecker Hören & Sehen,Drecker Hören & Sehen,,Lehrerstraße 13,47167 Duisburg,Deutschland
Engler Högeräte-Akustik,Engler Högeräte-Akustik,,Leipziger Str. 2,08371 Glauchau,Deutschland
Fabritius Hörgeräte,Fabritius Hörgeräte,,Hauptstraße 14,51789 Lindlar,Deutschland
Franz HörSysteme,Franz HörSysteme,,Rathausallee 3b,22846 Norderstedt,Deutschland
Fuchs Hörakustik,Hörakustik Fuchs,Dipl.-Ing. Hörakustik,Münchener Str. 8,85276 Pfaffenhofen,Deutschland
"Gerlach, Ullrich",Ullrich Gerlach,Akustikermeister,Hersfelder Straße 7,36277 Schenklengsfeld,Deutschland
Gerland Hörgeräte,Gerland Hörgeräte,Hörakustikmeister Sven H. Bielenberg,Schuhstr. 28,31134 Hildesheim,Deutschland
Gertler Hörakustik GmbH,Gertler Hörakustik GmbH,Hörakustik Zentrum,In der Rambach 2,36304 Alsfeld,Deutschland
Geue-Hörakustik,Geue-Hörakustik,Inh. Erhard Schulz,Neuperverstr. 26,29410 Salzwedel,Deutschland
Heerhorst GmbH,Heerhorst GmbH,Optik u. Akustik,Kölner Straße 66,53840 Troisdorf,Deutschland
Helgert & Rieger,Helgert & Rieger,Hörgeräteakustik,Innerer Laufer Platz 6-8,90403 Nürnberg,Deutschland
Herzog Hörgeräte,Herzog Hörgeräte,,Nürnberger Str. 11,90579 Langenzenn,Deutschland
Hess Hören,Hess Hören,Hörgeräte GmbH,Treppenstr. 6,34117 Kassel,Deutschland
Hölscher GmbH,Hölscher GmbH,,Dahlhok 29,48488 Emsbüren,Deutschland
Hörbar - Sichtbar,Hörbar - Sichtbar,Hörsysteme & Optik,Pionierstr. 46,40215 Düsseldorf,Deutschland
Hörberatung Nürnberg,Hörberatung,,"Hallplatz 2, in der Mauthalle",90402 Nürnberg,Deutschland
Hörberatung Oberasbach,Die Hörberatung,Hörakustik Tina Imreh,Am Rathaus 14,90522 Oberasbach,Deutschland
Hörberatung Zirndorf,Hörberatung,,Angerzeile 18,90513 Zirndorf,Deutschland
Hörconcept Hagen,Hörconcept Hagen,,Badstraße 18,58095 Hagen,Deutschland
Hörklar - die Hörakustik,Hörklar - die Hörakustik,Stephan Becker e.K.,Eidingsen 2,32549 Bad Oyenhausen,Deutschland
HörKonzepte Bochum,HörKonzepte GmbH & Co. KG,,Kurt-Schumacher-Platz 4,44787 Bochum,Deutschland
HörKonzepte Marl,HörKonzepte GmbH & Co. KG,,Vikariestr. 1,45768 Marl,Deutschland
Hörladen Osterhofen,Hörladen,,Plattlingerstr. 9,94486 Osterhofen,Deutschland
Hörladen Pfarrkirchen,Hörladen,,Dr.-Bayer-Str. 1,87347 Pfarrkirchen,Deutschland
Hörladen Vilshofen,Hörladen,Gwendoline Klimesch,Stadtplatz 32,94474 Vilshofen,Deutschland
Hörspezialisten Bischofswerda,Hörspezialisten,,Putzkauer Str. 2,01877 Bischofswerda,Deutschland
Hörspezialisten Görlitz,Hörspezialisten,,James-von-Moltke-Str. 49,02826 Görlitz,Deutschland
Hör-Studio Heinsberg,Hör-Studio Heinsberg,Inh. Sabine Mihm,Patersgasse 8,52525 Heinsberg,Deutschland
Hütte - die Hörakustik,Hütte - die Hörakustik,Stephan Becker e.K.,Schülerstraße 16-18,32756 Detmold,Deutschland
Iglhaut-Brillen,Iglhaut-Brillen,,Hafnerstr. 3,93413 Cham,Deutschland
Ihr Ohr,Ihr Ohr,Simone Weyand-Fink e.U.,Postgasse 13,1010 Wien,Österreich
Jaegers,Jaegers,Augenoptik und Hörgeräteakustik,Hochstraße 63,52525 Heinsberg,Deutschland
Jetzt Hören,Jetzt Hören,,Rother Str. 45,91161 Hilpoltstein,Deutschland
Kehrle Hörsysteme,Kehrle Hörsysteme,,Schleißheimer Str. 411,80935 München,Deutschland
Kempen Hörgeräte Center,Hörgeräte Center,Kempen am Ring,Mülhauser Str. 1,47906 Kempen,Deutschland
Klatzer eU,Hören Klatzer eU,,Belruptstraße 25,6900 Bregenz,Deutschland
Kraus Hörgeräte,Kraus Hörgeräte,,Hauptstrasse 55,91054 Erlangen,Deutschland
Kronemann,Ernst Kronemann,Optik und Hörgeräte GmbH,Weiseler Str. 32,35510 Butzbach,Deutschland
KUNO,KUNO,Augenoptik und Hörakustik GmbH,Karlstr. 20-22,74564 Crailsheim,Deutschland
Lang Hörgeräte GmbH,Hörgeräte Lang GmbH,Zentrale,Dornburger Str. 17,07743 Jena,Deutschland
Lindacher Akustik GmbH,Lindacher Akustik GmbH,,Siemensstraße 3/1,71263 Weil der Stadt,Deutschland
Lorenz Hörgeräte Bühl GmbH  & Co. KG,Hörgeräte Lorenz Bühl GmbH  & Co. KG,,Hauptstraße 1e,77815 Bühl,Deutschland
Maier Hörgeräte,Hörgeräte Maier,Inh. Elke Maier,Dr.-Kurt-Steim-Str. 9,78713 Schramberg,Deutschland
Martin Linke,Martin Linke,sehen + hören,Königstraße 46,76887 Bad Bergzabern,Deutschland
Matthäus Hörgeräte,Hörgeräte Matthäus,,Rothenburger Str. 2,91438 Bad Windsheim,Deutschland
Matthias Kaulard,Matthias Kaulard GmbH & Co. KG,,Rathausstr. 49,52222 Stolberg,Deutschland
Meckler Hörgeräte,Hörgeräte Meckler,,Am Stadtpark 2,90409 Nürnberg,Deutschland
New Hearing Quality,New Hearing Quality,Denis Mazzucca,Brahmsstrasse 77,49565 Bramsche,Deutschland
Ohrengold,Ohrengold,,Kleinbottwarer Str. 15,71711 Steinheim / Murr,Deutschland
Ohrtheke-HANSATON,Hansaton Hörkompetenz-Zentren GmbH,,Josef-Lindner-Straße 4/4,A-5073 Wals-Himmelreich,Österreich
OTON,OTON Die Hörakustiker Rahlstedt GmbH,,Rahlstedter Bahnhofstr. 27-29,22143 Hamburg,Deutschland
Paradies,Hörakustik Paradies,,Wilhelmstr. 6/1,75378 Bad Liebenzell,Deutschland
Parchim,Hörhilfe Parchim,Christiane Schomann Hörgeräteakustikermeisterin,Am Rathaus 2,19370 Parchim,Deutschland
Peschke,Akustik + Optik Peschke,Thomas Andres,Königstr. 81,90402 Nürnberg,Deutschland
Pursch HG Service,Hörgeräte-Service,Gabriele Pursch,Handelsstrasse 11,16303 Schwedt/Oder,Deutschland
Rehn,Hörgeräte Rehn e.K.,,Dombühler Str. 9,90449 Nürnberg,Deutschland
Reichert,Hörgeräte Reichart GmbH,Buchhaltung,Einsteinstr. 131,81675 München,Deutschland
Reiser,Hörakustik Reiser,,Johannisstrasse 30,90419 Nürnberg,Deutschland
"Reißer, Katja HG Akustik",Katja Reißer,Hörgeräte Akustik,Erlanger Straße 10a,91220 Schnaittach,Deutschland
RIEDE,RIEDE Optik & Akustik,,Karlstraße 19,89547 Gerstetten,Deutschland
Roman Wagner HG,Roman Wagner,Hörgeräte,Steinerbaum 4,54338 Schweich,Deutschland
Schäfer Hörakustik,Hörakustik Schäfer GmbH,,Stadelgasse 29,73430 Aalen,Deutschland
Schedl,Hörgeräte SCHEDL,,Bahnstr. 18/18a,63906 Erlenbach,Deutschland
Schindler,Schindler,Augenoptik/Hörakustik,Marktplatz 19,84539 Ampfing,Deutschland
Schwab&Scarsella,Schwab&Scarsella,Hörsysteme GmbH & Co.KG,Goethestr. 33,74076 Heilbronn,Deutschland
Schwanke Optik Akustik,Schwanke Optik & Akustik,,Dudelerstr. 7,46147 Oberhausen,Deutschland
Schwickard,Brille & Akustik,Schwickard,Kapellenstraße 5,52066 Aachen,Deutschland
Seggelmann,Akustik Seggelmann,Nina Seggelmann,Druchhorner Str. 4,79577 Ankum,Deutschland
Seifert HG,Hörgeräte Seifert GmbH,,Poststraße 33,83435 Bad Reichenhall,Deutschland
Slickers Akustik,Slickers Optik & Akustik,,Hartstraße 27,47608 Geldern,Deutschland
Stock,Optik Stock Hörgeräte,,Luitpoldplatz 13,94469 Deggendorf,Deutschland
Studio Eibach,Hörgerätestudio Eibach,Inh. Martin Schrenker e.K.,Eibacher Hauptstr. 58,90451 Nürnberg,Deutschland
Urban-Optik-Akustik,Urban sehen & hören,Optik / Akustik,Obere Bahnhofstraße 54a,91541 Rothenburg,Deutschland
Vitakustik,Vitakustik GmbH,,Ungererstr. 175,80805 München,Deutschland
Volmer GmbH,Volmer GmbH,,Hasestraße 1,49716 Meppen,Deutschland
Wasserfur Hörgeräte GmbH,Hörgeräte Wasserfuhr GmbH,,Hauptstr. 25,42651 Solingen,Deutschland
Weinkauf & Sohn,Weinkauf & Sohn,Sehen und Hören GmbH,Löhrstr. 10-12,56068 Koblenz,Deutschland
Zinßer,Zinßer Alexandra GmbH,Hörgeräteakustik,Pfarrkirchener Str. 13,84307 Eggenfelden,Deutschland
Vlutters,Hörakustik Vlutters,,Möllerstr. 26,58119 Hagen-Elsey,Deutschland
Hörgeräte Langer Adelsheim,Hörgeräte LANGER GmbH & Co. KG,,Marktstraße 6,74740 Adelsheim,Deutschland
Hörgeräte Langer Asperg,Hörgeräte LANGER GmbH & Co. KG,,Markgröninger Straße 14,71679 Asperg,Deutschland
Hörgeräte Langer Bad Mergentheim,Hörgeräte LANGER GmbH & Co. KG,,Hans-Heinrich-Ehrler-Platz 32,97980 Bad Mergentheim,Deutschland
Hörgeräte Langer Bad Rappenau,Hörgeräte LANGER GmbH & Co. KG,,Fasanenstraße 2,74906 Bad Rappenau,Deutschland
Hörgeräte Langer Bad Urach,Hörgeräte LANGER GmbH & Co. KG,,Stuttgarter Straße 2,72574 Bad Urach,Deutschland
Hörgeräte Langer Blaubeuren,Hörgeräte LANGER GmbH & Co. KG,,Ulmer Straße 26,89143 Blaubeuren,Deutschland
Hörgeräte Langer Blaustein,Hörgeräte LANGER GmbH & Co. KG,,Hummelstraße 2,89134 Blaustein,Deutschland
Hörgeräte Langer Dillingen,Hörgeräte LANGER GmbH & Co. KG,,Rosenstraße 13,89407 Dillingen,Deutschland
Hörgeräte Langer Dinkelscherben,Hörgeräte LANGER GmbH & Co. KG,,Marktstraße 17,86424 Dinkelscherben,Deutschland
Hörgeräte Langer Ehingen,Hörgeräte LANGER GmbH & Co. KG,,Hauptstraße 86,89584 Ehingen,Deutschland
Hörgeräte Langer Eichstätt,Hörgeräte LANGER GmbH & Co. KG,,Domplatz 14,85072 Eichstätt,Deutschland
Hörgeräte Langer Eppingen,Hörgeräte LANGER GmbH & Co. KG,,Am Karlsplatz 5,75031 Eppingen,Deutschland
Hörgeräte Langer Erbach,Hörgeräte LANGER GmbH & Co. KG,,Erlenbachstraße 48/2,89155 Erbach,Deutschland
Hörgeräte Langer Esslingen,Hörgeräte LANGER GmbH & Co. KG,,Unterer Metzgerbach 28,73728 Esslingen,Deutschland
Hörgeräte Langer Freiberg am Neckar,Hörgeräte LANGER GmbH & Co. KG,,Marktplatz 18,71691 Freiberg am Neckar,Deutschland
Hörgeräte Langer Freiberg am Neckar,Hörgeräte LANGER GmbH & Co. KG,,Poststraße 14,73033 Göppingen,Deutschland
Hörgeräte Langer Günzburg,Hörgeräte LANGER GmbH & Co. KG,,Bgm.-Landmann-Platz 10,89312 Günzburg,Deutschland
Hörgeräte Langer Günzburg (Ärztehaus),Hörgeräte LANGER GmbH & Co. KG,,Lindenallee 4,89312 Günzburg,Deutschland
Hörgeräte Langer Heilbronn,Hörgeräte LANGER GmbH & Co. KG,,Am Wollhaus 8,74072 Heilbronn,Deutschland
Hörgeräte Langer Ingolstadt (Am Westpark),Hörgeräte LANGER GmbH & Co. KG,,Am Westpark 1,85057 Ingolstadt,Deutschland
Hörgeräte Langer Ingolstadt (Münchener Straße),Hörgeräte LANGER GmbH & Co. KG,,Münchener Straße 139,85051 Ingolstadt,Deutschland
Hörgeräte Langer Ingolstadt (Schulstraße),Hörgeräte LANGER GmbH & Co. KG,,Schulstraße 26,85049 Ingolstadt,Deutschland
Hörgeräte Langer Kirchheim / Teck (Kolbstrasse),Hörgeräte LANGER GmbH & Co. KG,,Kolbstraße 2,73230 Kirchheim / Teck,Deutschland
Hörgeräte Langer Kirchheim / Teck (Stuttgarter Straße),Hörgeräte LANGER GmbH & Co. KG,,Stuttgarter Straße 56,73230 Kirchheim / Teck,Deutschland
Hörgeräte Langer Kornwestheim,Hörgeräte LANGER GmbH & Co. KG,,Bahnhofsplatz 15,70806 Kornwestheim,Deutschland
Hörgeräte Langer Kösching,Hörgeräte LANGER GmbH & Co. KG,,Untere Marktstraße 5,85092 Kösching,Deutschland
Hörgeräte Langer Laichingen,Hörgeräte LANGER GmbH & Co. KG,,Radstraße 23,89150 Laichingen,Deutschland
Hörgeräte Langer Langenau,Hörgeräte LANGER GmbH & Co. KG,,Hindenburgstraße 33,89129 Langenau,Deutschland
Hörgeräte Langer Lauffen,Hörgeräte LANGER GmbH & Co. KG,,Bahnhofstraße 51,74348 Lauffen,Deutschland
Hörgeräte Langer Laupheim,Hörgeräte LANGER GmbH & Co. KG,,Schmiedstr. 16,88471 Laupheim,Deutschland
Hörgeräte Langer Lenningen,Hörgeräte LANGER GmbH & Co. KG,,Im Gänsacker 8,73252 Lenningen,Deutschland
Hörgeräte Langer Metzingen,Hörgeräte LANGER GmbH & Co. KG,,Nürtinger Straße 2,72555 Metzingen,Deutschland
Hörgeräte Langer Möckmühl,Hörgeräte LANGER GmbH & Co. KG,,Waagerner Tal 20,74219 Möckmühl,Deutschland
Hörgeräte Langer Neckarsulm,Hörgeräte LANGER GmbH & Co. KG,,Rathausstraße 8,74172 Neckarsulm,Deutschland
Hörgeräte Langer Neuburg a.d. Donau,Hörgeräte LANGER GmbH & Co. KG,,Brüdergarten 2,86633 Neuburg a.d. Donau,Deutschland
Hörgeräte Langer Neuenstadt,Hörgeräte LANGER GmbH & Co. KG,,Hauptstraße 58,74196 Neuenstadt,Deutschland
Hörgeräte Langer Nürtingen,Hörgeräte LANGER GmbH & Co. KG,,Heiligkreuzstraße 21,72622 Nürtingen,Deutschland
Hörgeräte Langer Öhringen,Hörgeräte LANGER GmbH & Co. KG,,Haagweg 38,74613 Öhringen,Deutschland
Hörgeräte Langer Ostfildern,Hörgeräte LANGER GmbH & Co. KG,,Kronenstraße 37/1,73760 Ostfildern,Deutschland
Hörgeräte Langer Plochingen,Hörgeräte LANGER GmbH & Co. KG,,Urbanstraße 12,73207 Plochingen,Deutschland
Hörgeräte Langer Reichertshofen,Hörgeräte LANGER GmbH & Co. KG,,Marktstraße 29,85084 Reichertshofen,Deutschland
Hörgeräte Langer Reutlingen,Hörgeräte LANGER GmbH & Co. KG,,Kaiserstraße 2,72764 Reutlingen,Deutschland
Hörgeräte Langer Schrobenhausen,Hörgeräte LANGER GmbH & Co. KG,,Lenbachstraße 7,86529 Schrobenhausen,Deutschland
Hörgeräte Langer Schwaigern,Hörgeräte LANGER GmbH & Co. KG,,Schnellerstraße 2,74193 Schwaigern,Deutschland
Hörgeräte Langer Sinsheim,Hörgeräte LANGER GmbH & Co. KG,,Hauptstraße 110,74889 Sinsheim,Deutschland
Hörgeräte Langer Ulm,Hörgeräte LANGER GmbH & Co. KG,,Söflinger Straße 168,89077 Ulm,Deutschland
Hörgeräte Langer Weinsberg,Hörgeräte LANGER GmbH & Co. KG,,Bahnhofstraße 28,74189 Weinsberg,Deutschland
Hörgeräte Langer Wendlingen am Neckar,Hörgeräte LANGER GmbH & Co. KG,,Stuttgarter Str. 2,73240 Wendlingen am Neckar,Deutschland
Hörgeräte Langer Wertingen,Hörgeräte LANGER GmbH & Co. KG,,Augsburger Straße 1,86637 Wertingen,Deutschland